entity_id,entity_raw,entity,degree
32,/m/09c7w0,United States of America,7614
90,/m/09nqf,United States Dollar,4286
105,/m/0k049,Beverly Hills,95
135,/m/06w99h3,Rango,40
141,/m/05zppz,Male,2928
243,/m/0cbd2,Writer-GB,441
245,/m/05l2z4,90th United States Congress,46
434,/m/04ztj,Marriage,2992
512,/m/021sv1,Daniel Inouye,36
596,/m/08f3b1,Sarah Palin,31
664,/m/05ml_s,Timothy Olyphant,32
740,/m/0fkvn,Governor-GB,89
755,/m/01hxs4,Matthew Perry,56
802,/m/03pmty,Tate Donovan,73
862,/m/02hrh1q,Actor-GB,2272
873,/m/05pcjw,Private university,112
935,/m/0cqh6z,Screen Actors Guild Award for Outstanding Performance by a Female Actor in a Drama Series,75
1131,/m/07ww5,United States Virgin Islands,16
1199,/m/0bjrnt,Master of Arts,59
1214,/m/0r7fy,Modesto,17
1253,/m/033tf_,Irish American,154
1330,/m/0bkj86,Master of Arts,206
1404,/m/0gxtknx,Seven Psychopaths,56
1493,/m/06ms6,Sociology,86
1669,/m/05rgl,Pacific Ocean,30
1768,/m/03z19,Internal Revenue Service,126
1770,/m/063vn,Pierre Trudeau,23
1774,/m/09k56b7,Black Swan,101
1800,/m/04rjg,Mathematics,147
1906,/m/0f6_dy,Titus Welliver,42
2006,/m/0kyk,Author-GB,292
2018,/m/0453t,Joseph Campbell,17
2019,/m/0j3v,Arthur Schopenhauer,45
2090,/m/06wrt,Sailing,103
2132,/m/01gkgk,Member of Congress,17
2161,/m/0tc7,Arnold Schwarzenegger,53
2165,/m/0d06vc,Iraq War,19
2313,/m/03mcwq3,Anna Gunn,38
2349,/m/06hwzy,Dancing with the Stars,34
2357,/m/0631_,Presbyterianism,55
2361,/m/05whq_9,Werner Herzog,20
2381,/m/05th8t,Molly Parker,56
2392,/m/0gz6b6g,End of Watch,55
2412,/m/01pnn3,Elizabeth Hurley,34
2433,/m/02mjmr,Barack Obama,63
2455,/m/02ck1,Dmitri Shostakovich,27
2469,/m/059t6d,Aidan Gillen,27
2501,/m/0f__1,Louisville,40
2722,/m/06sks6,2012 Summer Olympics,322
2767,/m/0c7lcx,Kevin Corrigan,23
2824,/m/0dn3n,Meg Ryan,53
2940,/m/01g5v,Blue,212
2956,/m/01rs41,Private school,130
3041,/m/01jbx1,Tyra Banks,37
3052,/m/039c26,Deadwood,55
3064,/m/0jc_p,Orange,44
3169,/m/01w5m,Columbia University,144
3188,/m/0d1_f,Elizabeth II,25
3222,/m/043q4d,Contestant,50
3324,/m/07hwkr,White American,104
3373,/m/07b_l,Texas,148
3384,/m/0253b6,Tia Carrere,20
3385,/m/0hnf5vm,MTV Movie Award for Best Dance Sequence,40
3398,/m/02p7_k,Powers Boothe,61
3440,/m/03fb3t,Honolulu County,9
3447,/m/052h3,Murray Rothbard,21
3451,/m/03lmx1,Scottish people,24
3485,/m/03ryn,Indonesia,138
3501,/m/04gp1d,92nd United States Congress,47
3504,/m/01n1gc,Ben Stein,28
3587,/m/0bt7ws,Angela Kinsey,78
3676,/m/0mj0c,William James,27
3701,/m/03hkp,Hebrew Language,29
3705,/m/01___w,Lecturer-GB,7
3730,/m/0fdys,English Literature,98
3749,/m/06gh0t,Jason Momoa,27
3750,/m/06mnbn,Lena Headey,31
3765,/m/0hyxv,Glasgow,50
3780,/m/06z6r,Swimming,180
3827,/m/0d05q4,Iraq,59
3843,/m/02648p,Stargate Atlantis,10
3854,/m/04gqr,Libya,42
3930,/m/09b6zr,George W. Bush,50
4212,/m/0d05fv,Al Gore,40
4288,/m/019sc,Black,175
4338,/m/0h03fhx,Argo,123
4394,/m/02v5_g,Scream 2,37
4539,/m/04107,John Steinbeck,22
4593,/m/06g60w,Robert L. Surtees,26
4770,/m/0d7wh,British people,41
4775,/m/02rcwq0,Damages,38
4881,/m/0g2mbn,Aasif Mandvi,33
4888,/m/026cl_m,Time 100,24
4899,/m/03f77,Gordon Brown,22
4912,/m/026g801,Donald Sumpter,24
4921,/m/02hrh0_,Honolulu,34
4925,/m/01pqy_,Kelly Preston,38
4940,/m/0ptxj,The Towering Inferno,48
4974,/m/046zh,Julia Roberts,137
4988,/m/0bv7t,Toni Morrison,25
5083,/m/06h2w,Ron Carter,28
5154,/m/02rf1y,Jeffrey Jones,37
5267,/m/013xrm,Germans,53
5268,/m/01pk3z,Anna Faris,38
5335,/m/01l_pn,Charlie's Angels: Full Throttle,59
5358,/m/01kpt,Bronze Star Medal,5
5382,/m/0466p0j,51st Annual Grammy Awards-US,134
5470,/m/01clyr,Polydor Records,50
5476,/m/01nnsv,George Washington University,35
5521,/m/0x3r3,John Rawls,22
5639,/m/04s430,Chris Parnell,30
5686,/m/0bxbr,Bethesda,10
5701,/m/06r713,88th United States Congress,47
5886,/m/01w9wwg,Will.i.am,65
5888,/m/025cn2,Paul Francis Webster,24
5949,/m/03gh4,Hawaii,94
6145,/m/02wzv,French Polynesia,8
6170,/m/0404j37,The Hurt Locker,87
6431,/m/03295l,Filipino American,11
6433,/m/0gv2r,Lewis Milestone,17
6480,/m/0w7c,Acting,66
6722,/m/0dbc1s,David Mandel,32
6767,/m/059xnf,Mark Addy,42
6768,/m/02624g,Peter Dinklage,36
6790,/m/0mg1w,Fine art,25
6839,/m/0524b41,Game of Thrones,44
6859,/m/059_w,Native Americans in the United States,18
6874,/m/01lhdt,Ludwig Maximilian University of Munich,32
6993,/m/07c5l,Americas,41
7031,/m/0g9z_32,The Dictator,32
7072,/m/07h5d,Terry Gilliam,43
7105,/m/015dnt,Trevor Howard,17
7153,/m/03gvm3t,The X Factor (UK),19
7164,/m/0hwpz,True Lies,36
7215,/m/060_7,Pablo Picasso-GB,18
7223,/m/0gls4q_,Jeff Schaffer,32
7410,/m/05rrtf,Spyglass Entertainment,29
7414,/m/02q0k7v,Body of Lies,33
7563,/m/02x3y41,Green Zone,31
7629,/m/02d9nr,Punahou School,16
7686,/m/0f2sx4,I Now Pronounce You Chuck and Larry,47
7882,/m/02z3zp,Garry Shandling,38
8010,/m/030vnj,Luke Wilson,41
8059,/m/016fly,Professor-GB,23
8078,/m/015ynm,Lilo & Stitch,28
8244,/m/019n9w,Pomona College,27
8284,/m/05q2c,Occidental College,32
8315,/m/0hz_1,Michael J. Fox,40
8357,/m/05vk_d,Megan Fox,35
8755,/m/01vh08,Richard Chamberlain,11
8800,/m/0d8qb,Journalist-GB,57
8824,/m/06y3r,Steve Jobs,24
8909,/m/0lmgy,Maui County,6
8910,/m/0jbs5,Maui,13
8927,/m/063576,The George Washington University Law School,12
9037,/m/0fr9jp,Beverly Hills High School,25
9049,/m/0kbwb,Wayne's World,29
9116,/m/0633p0,Anna Deavere Smith,28
9235,/m/04fv0k,Marriott International,27
9309,/m/024jvz,"United States presidential election, 2008",3
9310,/m/07wcy,United States presidential election,1
9357,/m/0gps0z,Nicole Scherzinger,35
9397,/m/01c9x,Labour Party,5
9398,/m/0948xk,Tony Blair,20
9488,/m/0641kkh,MTV Movie Award for Most Desirable Female,23
9515,/m/010xjr,Richard Harris,39
9543,/m/058vfp4,Henry Grace,28
9563,/m/0fxky3,Alec Berg,28
9576,/m/056xkh,Be Cool,30
9661,/m/09kr66,Russian American,20
9836,/m/0p5vf,Member of Parliament-GB,31
10000,/m/0356dp,Julian Glover,34
10049,/m/0557q,Musical theatre,31
10086,/m/09x7p1,War in North-West Pakistan,6
10087,/m/07wj1,United States Air Force-GB,11
10143,/m/01trtc,Interscope Records,60
10294,/m/03rgvr,Jerome Flynn,27
10304,/m/021r6w,Edward Dmytryk,13
10326,/m/053vcrp,Hugh Hunt,26
10394,/m/0969fd,Edward Said,20
10475,/m/015nvj,Carol Reed,17
10597,/m/03c6v3,Lauren Graham,20
10612,/m/06myp,Sigmund Freud,33
10735,/m/06g4_,Richard Dawkins,28
10814,/m/02wh0,Friedrich Nietzsche,55
10830,/m/04zwtdy,Elie Samaha,27
10933,/m/0gfhg1y,Libyan Civil War,5
10934,/m/01cpjx,Major General,3
11005,/m/08_hns,David Petraeus,14
11220,/m/0444x,Jack Kemp,18
11223,/m/042g7t,Atlantic Time Zone-US,15
11270,/m/0168t,British Virgin Islands,10
11328,/m/044rv,Jakarta,11
11534,/m/0d6qjf,Central Intelligence Agency (CIA),8
11715,/m/0bbgvp,Mutiny on the Bounty,27
11847,/m/01my95,Roger Federer,13
11853,/m/0cn68,Japanese American,12
12019,/m/01cf5,Barnard College,29
12170,/m/014vk4,Condoleezza Rice,32
12294,/m/05hwn,Khyber Pakhtunkhwa,5
12427,/m/0pgm3,Chris Elliott,17
12637,/m/079dy,Saddam Hussein,13
12648,/m/0ycht,White Plains,17
13098,/m/01cpp0,2003 invasion of Iraq,11
13791,/m/016m9h,Attorneys in the United States,3
13970,/m/0v74,al-Qaeda,4
14094,/m/0dfcn,Oahu,4
14101,/m/0j1_3,Java,3
14105,/m/015cl6,Medal of Honor,2
14144,/m/060s9,Prime Minister of the United Kingdom,2
14164,/m/014wxc,Hawaiian Islands,6
14314,/m/0190_8,Church of Scotland,2
14496,/m/060m4,Prime Minister of Canada,1
