entity_id,entity_raw,entity_text,dominant_relation,pca_x,pca_y,tsne_x,tsne_y
81,scooter,scooter,other,0.12579902,-0.058814038,0.68299043,0.58367187
14,quinn,quinn,lives in,-0.1579657,0.04412451,0.15403596,-2.1027908
3,paul,paul,married to,-0.233889,0.121390074,0.41522294,-2.618012
94,warehouse,warehouse,other,0.04745013,-0.042512152,1.4842443,-0.2974531
35,bicycle,bicycle,owns,0.2540764,0.1447306,2.919637,4.1912794
31,zane,zane,married to,-0.28606352,-0.02438438,1.75662,-2.3026996
28,yale,yale,studies at,0.31006214,-0.21897678,0.7565537,2.6964328
17,alice,alice,lives in,0.16754547,0.18183377,4.535659,1.437892
13,noah,noah,parent of,-0.40200388,-0.15604086,4.669386,-2.8961222
86,system,system,other,-0.4029436,0.20174618,1.6878287,-3.159515
69,ucla,ucla,studies at,0.041760236,0.07659523,2.15141,0.5747725
11,nvidia,nvidia,works at,-0.14146775,-0.050344214,-0.41054338,-2.262819
75,cornell,cornell,studies at,-0.14270152,-0.32411426,5.1615963,-0.47175172
54,phoenix,phoenix,lives in,0.07931631,-0.029846037,0.8335465,0.26221392
4,emma,emma,owns,-0.12692945,-0.2689103,5.2912865,-0.86067486
98,accenture,accenture,other,0.13088101,-0.13154264,2.4094424,1.2225955
89,airbnb,airbnb,other,0.23491892,-0.024572136,0.42190623,1.9927654
27,wendy,wendy,studies at,-0.2915269,0.07795118,2.165014,-3.0129287
29,tensorflow,tensorflow,uses,0.36769328,-0.0375065,1.9636539,2.6507275
64,zoom,zoom,works at,0.20730446,-0.28774408,2.3773544,2.4919276
77,stadium,stadium,located in,0.12395174,-0.03850446,-0.18318026,-0.099484675
85,pipeline,pipeline,other,-0.047293104,-0.16616642,1.5616947,-1.0595033
71,linux,linux,uses,0.25597355,-0.15515804,2.9679546,2.4960003
25,lisbon,lisbon,located in,0.32108644,0.05786795,-0.5418753,2.8978267
90,prague,prague,other,-0.029314931,-0.094485566,-0.11676046,-0.6380823
53,carol,carol,lives in,-0.062378787,-0.20410065,3.5198283,0.6436025
97,device,device,other,-0.0043740235,0.36241978,-1.6158345,0.3448827
57,tesla,tesla,works at,-0.47197285,0.01490986,4.411431,-3.3129888
96,filter,filter,other,-0.0104624145,-0.039956078,4.4868617,1.1061304
0,karen,karen,studies at,0.101010226,-0.10378185,3.5726428,2.2234914
20,yasmin,yasmin,uses,-0.22342467,-0.2425646,5.1829267,-2.3052218
87,dallas,dallas,other,0.014725063,0.3387426,-1.9513321,0.6383986
43,excel,excel,uses,-0.037649922,0.052984532,0.836964,-0.860324
72,router,router,part of,0.123819314,0.2664985,2.981781,4.140038
19,gallery,gallery,located in,0.15498117,0.045480486,-0.20786236,0.76370585
83,sydney,sydney,other,-0.07358743,0.004107788,0.9099877,-1.6383247
68,umar,umar,studies at,-0.015354447,-0.14386734,-0.28855777,-0.82374305
92,camera,camera,other,-0.05374175,-0.048213776,2.968603,-0.110222585
5,console,console,owns,-0.17268468,0.21992867,1.974274,-2.4880092
24,berlin,berlin,lives in,-0.15847875,0.14889133,3.3051407,-3.692709
6,dave,dave,works at,-0.060697306,0.30907446,-2.1176062,0.50155824
22,olivia,olivia,married to,-0.07048518,-0.0026834519,1.7007946,-4.1639605
76,network,network,part of,0.13741757,0.32261255,-1.3021215,2.45395
59,studio,studio,owns,0.1308096,0.20773163,-1.1659518,2.4499388
38,henry,henry,parent of,0.0449725,0.021848682,-1.0694838,-0.9869664
16,slack,slack,uses,-0.057795785,0.4758768,-2.6900115,0.006090703
51,bob,bob,married to,0.016847147,-0.20089136,2.6159956,0.63325465
2,victor,victor,works at,-0.023266036,-0.27041382,4.711562,0.13338362
46,motor,motor,part of,0.106025115,0.028028991,0.73149526,0.5836894
82,embassy,embassy,other,0.18337989,-0.17153269,0.62008154,1.584908
34,frank,frank,owns,0.16686493,-0.13964143,2.6527226,1.6796298
7,amazon,amazon,works at,-0.063399814,-0.28923318,2.60253,0.08999645
61,mia,mia,studies at,-0.17046833,0.18178724,2.965489,-3.4203997
62,duke,duke,studies at,-0.14238267,-0.08132241,3.1196146,-2.3364801
67,dubai,dubai,lives in,-0.29674137,-0.098740496,4.135487,-2.4246855
18,seoul,seoul,lives in,-0.1164263,-0.0045068264,2.2184842,-0.8951804
40,vehicle,vehicle,part of,-0.061741684,-0.050611522,2.1238332,-0.6018403
39,module,module,part of,0.23831986,0.0011425407,0.44842,2.5653439
23,brown,brown,studies at,0.093876846,0.13942266,-1.4975989,-0.4644792
36,microsoft,microsoft,works at,0.13766326,0.11955269,1.6572286,1.3307898
12,intel,intel,works at,0.23980239,-0.14367127,2.7710936,2.634428
91,paypal,paypal,other,0.23149268,-0.2544797,1.2310038,3.2685115
88,grace,grace,other,0.23614088,-0.022015585,0.96237415,1.2495595
99,panel,panel,other,-0.14702202,-0.07771898,4.2271066,-0.90007067
45,boston,boston,lives in,-0.2654438,-0.011605307,3.1520185,-3.2524922
47,drone,drone,part of,-0.08648825,-0.09197732,2.242749,-1.1983097
37,adobe,adobe,works at,-0.13921495,-0.10654338,2.9634347,-0.66207397
60,sql,sql,uses,-0.0024334886,-0.041164283,3.8539448,-0.42917973
48,tina,tina,born in,-0.06885757,-0.06710802,4.2979064,-1.3741692
93,terminal,terminal,other,0.25239524,0.1262032,1.7088851,2.1372473
50,oslo,oslo,lives in,0.22417215,0.23414618,-1.1076891,2.727788
70,iisc,iisc,studies at,0.2694535,0.08239355,-2.3911695,-2.345915
26,tokyo,tokyo,lives in,-0.26508957,0.053927127,0.88218164,-3.0201283
84,switch,switch,other,0.11296303,0.2757599,-1.8788812,0.38215268
52,denver,denver,born in,-0.103181146,0.15092221,2.4125834,-2.427528
65,printer,printer,owns,-0.13326114,0.24168462,-2.5828435,1.4462619
80,laptop,laptop,other,0.12765138,-0.1459922,-0.7130665,-1.9614539
33,spark,spark,uses,-0.13797888,-0.09042812,1.7383437,-1.4158659
21,rachel,rachel,married to,0.23441298,-0.010908045,0.024526175,1.0168805
8,port,port,located in,-0.28843093,-0.0670216,4.2154727,-1.6339742
